{
  "classification": {
    "train": {
      "accuracy": 0.8115942028985508
    },
    "val": {
      "split": "Validation",
      "accuracy": 0.8666666666666667,
      "precision_macro": 0.2888888888888889,
      "recall_macro": 0.3333333333333333,
      "f1_macro": 0.30952380952380953,
      "n_samples": 15
    },
    "test": {
      "split": "Test",
      "accuracy": 0.9333333333333333,
      "precision_macro": 0.4666666666666667,
      "recall_macro": 0.5,
      "f1_macro": 0.4827586206896552,
      "n_samples": 15
    }
  },
  "regression": {
    "train": {
      "r2": 0.06200403734576598
    },
    "val": {
      "split": "Validation",
      "mse": 0.6651424960209046,
      "rmse": 0.8155626867512421,
      "mae": 0.5131950534132718,
      "r2": -0.11684374331868308,
      "n_samples": 15
    },
    "test": {
      "split": "Test",
      "mse": 0.11200389158861505,
      "rmse": 0.3346698247356864,
      "mae": 0.2910294323751306,
      "r2": -0.8000625433884572,
      "n_samples": 15
    }
  }
}