experiment,split,accuracy,precision_macro,recall_macro,f1_macro,n_samples,r2,mse,rmse,mae
classification,train,0.8115942028985508,,,,,,,,
classification,Validation,0.8666666666666667,0.2888888888888889,0.3333333333333333,0.30952380952380953,15.0,,,,
classification,Test,0.9333333333333333,0.4666666666666667,0.5,0.4827586206896552,15.0,,,,
regression,train,,,,,,0.06200403734576598,,,
regression,Validation,,,,,15.0,-0.11684374331868308,0.6651424960209046,0.8155626867512421,0.5131950534132718
regression,Test,,,,,15.0,-0.8000625433884572,0.11200389158861505,0.3346698247356864,0.2910294323751306
