{
  "n_firm_years": 808,
  "n_firms": 91,
  "year_range": [
    2008,
    2025
  ],
  "pre_chatgpt": 603,
  "post_chatgpt": 205,
  "avg_reviews_per_firm_year": 34.70420792079208,
  "property_type_distribution": {
    "Residential": 155,
    "Retail": 138,
    "Office": 97,
    "Self-storage": 66,
    "Diversified": 60,
    "Health Care": 60,
    "Mortgage": 56,
    "Telecommunications": 44,
    "Industrial": 41,
    "Specialty": 34,
    "Lodging/Resorts": 22,
    "Timberland": 18,
    "Data Center": 17
  },
  "sentiment_stats": {
    "mean": -0.252558675536491,
    "median": -0.25466035132606823,
    "std": 0.18228660447150924,
    "pre_chatgpt": -0.25033788674511875,
    "post_chatgpt": -0.25909104451794185,
    "difference": -0.008753157772823095,
    "t_statistic": 0.5936980226172033,
    "p_value": 0.5528806808252771
  },
  "timestamp": "2025-11-30T16:22:56.274371"
}