Statistic,Value
Mean,0.053347741893909416
Median,0.043968860472712104
Std Dev,0.09895366119018349
Min,0.0
Max,2.510533464123204
N,966.0
Pre-ChatGPT Mean,0.04935162472669405
Post-ChatGPT Mean,0.0634401253965117
Difference,0.01408850066981765
T-statistic,1.9977663510659445
P-value,0.046022606392221554
