,sentiment_score_mean,sentiment_dispersion,sentiment_agreement,rating_mean,review_count,POST_CHATGPT,tech_intensive
sentiment_score_mean,1.0,0.013138538072168443,0.11359589753998288,0.5772840482007771,0.0858782681450463,-0.0209075498128389,0.007115531235913603
sentiment_dispersion,0.013138538072168443,1.0,-0.656584101783115,0.04371538901578325,0.054289733846442145,0.07592811878192367,0.047461396011273436
sentiment_agreement,0.11359589753998288,-0.656584101783115,1.0,0.12928683437237687,-0.13858712388082806,-0.14575410762543264,-0.09453224587104532
rating_mean,0.5772840482007771,0.04371538901578325,0.12928683437237687,1.0,0.09586095925637449,0.07486320312434325,-0.017745390195915457
review_count,0.0858782681450463,0.054289733846442145,-0.13858712388082806,0.09586095925637449,1.0,0.12449928288635875,0.14535652992314513
POST_CHATGPT,-0.0209075498128389,0.07592811878192367,-0.14575410762543264,0.07486320312434325,0.12449928288635875,1.0,-0.01589569930210142
tech_intensive,0.007115531235913603,0.047461396011273436,-0.09453224587104532,-0.017745390195915457,0.14535652992314513,-0.01589569930210142,1.0
